{
  "data": [
    { "xs": { "x": 57, "y": 32 }, "ys": { "label": "C" } },
    { "xs": { "x": 56, "y": 56 }, "ys": { "label": "C" } },
    { "xs": { "x": 31, "y": 65 }, "ys": { "label": "C" } },
    { "xs": { "x": 65, "y": 60 }, "ys": { "label": "C" } },
    { "xs": { "x": 69, "y": 68 }, "ys": { "label": "C" } },
    { "xs": { "x": 66, "y": 76 }, "ys": { "label": "C" } },
    { "xs": { "x": 45, "y": 86 }, "ys": { "label": "C" } },
    { "xs": { "x": 41, "y": 88 }, "ys": { "label": "C" } },
    { "xs": { "x": 54, "y": 116 }, "ys": { "label": "C" } },
    { "xs": { "x": 70, "y": 117 }, "ys": { "label": "C" } },
    { "xs": { "x": 99, "y": 95 }, "ys": { "label": "C" } },
    { "xs": { "x": 99, "y": 93 }, "ys": { "label": "C" } },
    { "xs": { "x": 93, "y": 93 }, "ys": { "label": "C" } },
    { "xs": { "x": 75, "y": 101 }, "ys": { "label": "C" } },
    { "xs": { "x": 69, "y": 101 }, "ys": { "label": "C" } },
    { "xs": { "x": 70, "y": 98 }, "ys": { "label": "C" } },
    { "xs": { "x": 98, "y": 78 }, "ys": { "label": "C" } },
    { "xs": { "x": 98, "y": 78 }, "ys": { "label": "C" } },
    { "xs": { "x": 88, "y": 67 }, "ys": { "label": "C" } },
    { "xs": { "x": 66, "y": 50 }, "ys": { "label": "C" } },
    { "xs": { "x": 71, "y": 51 }, "ys": { "label": "C" } },
    { "xs": { "x": 96, "y": 51 }, "ys": { "label": "C" } },
    { "xs": { "x": 108, "y": 59 }, "ys": { "label": "C" } },
    { "xs": { "x": 108, "y": 81 }, "ys": { "label": "C" } },
    { "xs": { "x": 107, "y": 101 }, "ys": { "label": "C" } },
    { "xs": { "x": 99, "y": 115 }, "ys": { "label": "C" } },
    { "xs": { "x": 98, "y": 124 }, "ys": { "label": "C" } },
    { "xs": { "x": 91, "y": 137 }, "ys": { "label": "C" } },
    { "xs": { "x": 85, "y": 138 }, "ys": { "label": "C" } },
    { "xs": { "x": 65, "y": 143 }, "ys": { "label": "C" } },
    { "xs": { "x": 61, "y": 145 }, "ys": { "label": "C" } },
    { "xs": { "x": 61, "y": 145 }, "ys": { "label": "C" } },
    { "xs": { "x": 80, "y": 156 }, "ys": { "label": "C" } },
    { "xs": { "x": 91, "y": 156 }, "ys": { "label": "C" } },
    { "xs": { "x": 105, "y": 143 }, "ys": { "label": "C" } },
    { "xs": { "x": 105, "y": 114 }, "ys": { "label": "C" } },
    { "xs": { "x": 53, "y": 99 }, "ys": { "label": "C" } },
    { "xs": { "x": 42, "y": 104 }, "ys": { "label": "C" } },
    { "xs": { "x": 37, "y": 119 }, "ys": { "label": "C" } },
    { "xs": { "x": 49, "y": 126 }, "ys": { "label": "C" } },
    { "xs": { "x": 60, "y": 132 }, "ys": { "label": "C" } },
    { "xs": { "x": 60, "y": 132 }, "ys": { "label": "C" } },
    { "xs": { "x": 80, "y": 100 }, "ys": { "label": "C" } },
    { "xs": { "x": 84, "y": 97 }, "ys": { "label": "C" } },
    { "xs": { "x": 84, "y": 97 }, "ys": { "label": "C" } },
    { "xs": { "x": 84, "y": 97 }, "ys": { "label": "C" } },
    { "xs": { "x": 84, "y": 97 }, "ys": { "label": "C" } },
    { "xs": { "x": 173, "y": 37 }, "ys": { "label": "D" } },
    { "xs": { "x": 193, "y": 38 }, "ys": { "label": "D" } },
    { "xs": { "x": 204, "y": 40 }, "ys": { "label": "D" } },
    { "xs": { "x": 209, "y": 45 }, "ys": { "label": "D" } },
    { "xs": { "x": 206, "y": 49 }, "ys": { "label": "D" } },
    { "xs": { "x": 203, "y": 62 }, "ys": { "label": "D" } },
    { "xs": { "x": 197, "y": 63 }, "ys": { "label": "D" } },
    { "xs": { "x": 186, "y": 65 }, "ys": { "label": "D" } },
    { "xs": { "x": 183, "y": 76 }, "ys": { "label": "D" } },
    { "xs": { "x": 186, "y": 79 }, "ys": { "label": "D" } },
    { "xs": { "x": 212, "y": 81 }, "ys": { "label": "D" } },
    { "xs": { "x": 213, "y": 67 }, "ys": { "label": "D" } },
    { "xs": { "x": 213, "y": 67 }, "ys": { "label": "D" } },
    { "xs": { "x": 239, "y": 82 }, "ys": { "label": "D" } },
    { "xs": { "x": 235, "y": 89 }, "ys": { "label": "D" } },
    { "xs": { "x": 223, "y": 97 }, "ys": { "label": "D" } },
    { "xs": { "x": 220, "y": 97 }, "ys": { "label": "D" } },
    { "xs": { "x": 211, "y": 96 }, "ys": { "label": "D" } },
    { "xs": { "x": 196, "y": 100 }, "ys": { "label": "D" } },
    { "xs": { "x": 195, "y": 100 }, "ys": { "label": "D" } },
    { "xs": { "x": 176, "y": 161 }, "ys": { "label": "D" } },
    { "xs": { "x": 182, "y": 152 }, "ys": { "label": "D" } },
    { "xs": { "x": 162, "y": 88 }, "ys": { "label": "D" } },
    { "xs": { "x": 163, "y": 88 }, "ys": { "label": "D" } },
    { "xs": { "x": 179, "y": 109 }, "ys": { "label": "D" } },
    { "xs": { "x": 179, "y": 120 }, "ys": { "label": "D" } },
    { "xs": { "x": 178, "y": 129 }, "ys": { "label": "D" } },
    { "xs": { "x": 205, "y": 125 }, "ys": { "label": "D" } },
    { "xs": { "x": 215, "y": 125 }, "ys": { "label": "D" } },
    { "xs": { "x": 219, "y": 124 }, "ys": { "label": "D" } },
    { "xs": { "x": 226, "y": 131 }, "ys": { "label": "D" } },
    { "xs": { "x": 212, "y": 143 }, "ys": { "label": "D" } },
    { "xs": { "x": 210, "y": 143 }, "ys": { "label": "D" } },
    { "xs": { "x": 195, "y": 143 }, "ys": { "label": "D" } },
    { "xs": { "x": 198, "y": 158 }, "ys": { "label": "D" } },
    { "xs": { "x": 198, "y": 159 }, "ys": { "label": "D" } },
    { "xs": { "x": 316, "y": 35 }, "ys": { "label": "E" } },
    { "xs": { "x": 335, "y": 35 }, "ys": { "label": "E" } },
    { "xs": { "x": 344, "y": 41 }, "ys": { "label": "E" } },
    { "xs": { "x": 344, "y": 47 }, "ys": { "label": "E" } },
    { "xs": { "x": 338, "y": 55 }, "ys": { "label": "E" } },
    { "xs": { "x": 327, "y": 55 }, "ys": { "label": "E" } },
    { "xs": { "x": 323, "y": 55 }, "ys": { "label": "E" } },
    { "xs": { "x": 318, "y": 61 }, "ys": { "label": "E" } },
    { "xs": { "x": 317, "y": 64 }, "ys": { "label": "E" } },
    { "xs": { "x": 323, "y": 71 }, "ys": { "label": "E" } },
    { "xs": { "x": 335, "y": 75 }, "ys": { "label": "E" } },
    { "xs": { "x": 335, "y": 85 }, "ys": { "label": "E" } },
    { "xs": { "x": 335, "y": 89 }, "ys": { "label": "E" } },
    { "xs": { "x": 334, "y": 97 }, "ys": { "label": "E" } },
    { "xs": { "x": 333, "y": 97 }, "ys": { "label": "E" } },
    { "xs": { "x": 331, "y": 97 }, "ys": { "label": "E" } },
    { "xs": { "x": 322, "y": 94 }, "ys": { "label": "E" } },
    { "xs": { "x": 320, "y": 94 }, "ys": { "label": "E" } },
    { "xs": { "x": 320, "y": 94 }, "ys": { "label": "E" } },
    { "xs": { "x": 309, "y": 121 }, "ys": { "label": "E" } },
    { "xs": { "x": 313, "y": 127 }, "ys": { "label": "E" } },
    { "xs": { "x": 339, "y": 127 }, "ys": { "label": "E" } },
    { "xs": { "x": 345, "y": 127 }, "ys": { "label": "E" } },
    { "xs": { "x": 345, "y": 128 }, "ys": { "label": "E" } },
    { "xs": { "x": 345, "y": 137 }, "ys": { "label": "E" } },
    { "xs": { "x": 334, "y": 137 }, "ys": { "label": "E" } },
    { "xs": { "x": 321, "y": 137 }, "ys": { "label": "E" } },
    { "xs": { "x": 317, "y": 138 }, "ys": { "label": "E" } },
    { "xs": { "x": 325, "y": 153 }, "ys": { "label": "E" } },
    { "xs": { "x": 329, "y": 153 }, "ys": { "label": "E" } },
    { "xs": { "x": 344, "y": 110 }, "ys": { "label": "E" } },
    { "xs": { "x": 319, "y": 110 }, "ys": { "label": "E" } },
    { "xs": { "x": 318, "y": 110 }, "ys": { "label": "E" } },
    { "xs": { "x": 312, "y": 106 }, "ys": { "label": "E" } },
    { "xs": { "x": 306, "y": 74 }, "ys": { "label": "E" } },
    { "xs": { "x": 304, "y": 88 }, "ys": { "label": "E" } },
    { "xs": { "x": 303, "y": 96 }, "ys": { "label": "E" } },
    { "xs": { "x": 309, "y": 105 }, "ys": { "label": "E" } },
    { "xs": { "x": 313, "y": 107 }, "ys": { "label": "E" } },
    { "xs": { "x": 332, "y": 107 }, "ys": { "label": "E" } },
    { "xs": { "x": 352, "y": 81 }, "ys": { "label": "E" } },
    { "xs": { "x": 352, "y": 80 }, "ys": { "label": "E" } },
    { "xs": { "x": 352, "y": 80 }, "ys": { "label": "E" } },
    { "xs": { "x": 352, "y": 80 }, "ys": { "label": "E" } },
    { "xs": { "x": 323, "y": 199 }, "ys": { "label": "F" } },
    { "xs": { "x": 338, "y": 200 }, "ys": { "label": "F" } },
    { "xs": { "x": 338, "y": 202 }, "ys": { "label": "F" } },
    { "xs": { "x": 337, "y": 213 }, "ys": { "label": "F" } },
    { "xs": { "x": 319, "y": 217 }, "ys": { "label": "F" } },
    { "xs": { "x": 314, "y": 217 }, "ys": { "label": "F" } },
    { "xs": { "x": 311, "y": 233 }, "ys": { "label": "F" } },
    { "xs": { "x": 317, "y": 236 }, "ys": { "label": "F" } },
    { "xs": { "x": 327, "y": 236 }, "ys": { "label": "F" } },
    { "xs": { "x": 342, "y": 236 }, "ys": { "label": "F" } },
    { "xs": { "x": 347, "y": 241 }, "ys": { "label": "F" } },
    { "xs": { "x": 341, "y": 252 }, "ys": { "label": "F" } },
    { "xs": { "x": 329, "y": 253 }, "ys": { "label": "F" } },
    { "xs": { "x": 320, "y": 251 }, "ys": { "label": "F" } },
    { "xs": { "x": 315, "y": 250 }, "ys": { "label": "F" } },
    { "xs": { "x": 305, "y": 223 }, "ys": { "label": "F" } },
    { "xs": { "x": 306, "y": 222 }, "ys": { "label": "F" } },
    { "xs": { "x": 330, "y": 222 }, "ys": { "label": "F" } },
    { "xs": { "x": 345, "y": 223 }, "ys": { "label": "F" } },
    { "xs": { "x": 347, "y": 223 }, "ys": { "label": "F" } },
    { "xs": { "x": 345, "y": 231 }, "ys": { "label": "F" } },
    { "xs": { "x": 336, "y": 245 }, "ys": { "label": "F" } },
    { "xs": { "x": 334, "y": 246 }, "ys": { "label": "F" } },
    { "xs": { "x": 322, "y": 262 }, "ys": { "label": "F" } },
    { "xs": { "x": 307, "y": 262 }, "ys": { "label": "F" } },
    { "xs": { "x": 305, "y": 262 }, "ys": { "label": "F" } },
    { "xs": { "x": 304, "y": 259 }, "ys": { "label": "F" } },
    { "xs": { "x": 301, "y": 245 }, "ys": { "label": "F" } },
    { "xs": { "x": 301, "y": 237 }, "ys": { "label": "F" } },
    { "xs": { "x": 301, "y": 237 }, "ys": { "label": "F" } },
    { "xs": { "x": 302, "y": 213 }, "ys": { "label": "F" } },
    { "xs": { "x": 302, "y": 213 }, "ys": { "label": "F" } },
    { "xs": { "x": 316, "y": 217 }, "ys": { "label": "F" } },
    { "xs": { "x": 324, "y": 225 }, "ys": { "label": "F" } },
    { "xs": { "x": 334, "y": 239 }, "ys": { "label": "F" } },
    { "xs": { "x": 339, "y": 249 }, "ys": { "label": "F" } },
    { "xs": { "x": 341, "y": 266 }, "ys": { "label": "F" } },
    { "xs": { "x": 341, "y": 267 }, "ys": { "label": "F" } },
    { "xs": { "x": 307, "y": 267 }, "ys": { "label": "F" } },
    { "xs": { "x": 289, "y": 244 }, "ys": { "label": "F" } },
    { "xs": { "x": 288, "y": 227 }, "ys": { "label": "F" } },
    { "xs": { "x": 295, "y": 219 }, "ys": { "label": "F" } },
    { "xs": { "x": 311, "y": 206 }, "ys": { "label": "F" } },
    { "xs": { "x": 322, "y": 206 }, "ys": { "label": "F" } },
    { "xs": { "x": 346, "y": 218 }, "ys": { "label": "F" } },
    { "xs": { "x": 354, "y": 229 }, "ys": { "label": "F" } },
    { "xs": { "x": 354, "y": 257 }, "ys": { "label": "F" } },
    { "xs": { "x": 352, "y": 258 }, "ys": { "label": "F" } },
    { "xs": { "x": 321, "y": 253 }, "ys": { "label": "F" } },
    { "xs": { "x": 318, "y": 251 }, "ys": { "label": "F" } },
    { "xs": { "x": 318, "y": 251 }, "ys": { "label": "F" } },
    { "xs": { "x": 302, "y": 262 }, "ys": { "label": "F" } },
    { "xs": { "x": 313, "y": 284 }, "ys": { "label": "F" } },
    { "xs": { "x": 325, "y": 289 }, "ys": { "label": "F" } },
    { "xs": { "x": 345, "y": 291 }, "ys": { "label": "F" } },
    { "xs": { "x": 348, "y": 292 }, "ys": { "label": "F" } },
    { "xs": { "x": 190, "y": 225 }, "ys": { "label": "G" } },
    { "xs": { "x": 214, "y": 233 }, "ys": { "label": "G" } },
    { "xs": { "x": 216, "y": 233 }, "ys": { "label": "G" } },
    { "xs": { "x": 216, "y": 215 }, "ys": { "label": "G" } },
    { "xs": { "x": 179, "y": 200 }, "ys": { "label": "G" } },
    { "xs": { "x": 179, "y": 200 }, "ys": { "label": "G" } },
    { "xs": { "x": 178, "y": 221 }, "ys": { "label": "G" } },
    { "xs": { "x": 190, "y": 234 }, "ys": { "label": "G" } },
    { "xs": { "x": 203, "y": 244 }, "ys": { "label": "G" } },
    { "xs": { "x": 217, "y": 270 }, "ys": { "label": "G" } },
    { "xs": { "x": 245, "y": 270 }, "ys": { "label": "G" } },
    { "xs": { "x": 244, "y": 255 }, "ys": { "label": "G" } },
    { "xs": { "x": 224, "y": 255 }, "ys": { "label": "G" } },
    { "xs": { "x": 186, "y": 263 }, "ys": { "label": "G" } },
    { "xs": { "x": 161, "y": 238 }, "ys": { "label": "G" } },
    { "xs": { "x": 173, "y": 242 }, "ys": { "label": "G" } },
    { "xs": { "x": 186, "y": 258 }, "ys": { "label": "G" } },
    { "xs": { "x": 199, "y": 269 }, "ys": { "label": "G" } },
    { "xs": { "x": 206, "y": 281 }, "ys": { "label": "G" } },
    { "xs": { "x": 210, "y": 287 }, "ys": { "label": "G" } },
    { "xs": { "x": 229, "y": 287 }, "ys": { "label": "G" } },
    { "xs": { "x": 236, "y": 286 }, "ys": { "label": "G" } },
    { "xs": { "x": 235, "y": 246 }, "ys": { "label": "G" } },
    { "xs": { "x": 235, "y": 246 }, "ys": { "label": "G" } },
    { "xs": { "x": 220, "y": 240 }, "ys": { "label": "G" } },
    { "xs": { "x": 214, "y": 232 }, "ys": { "label": "G" } },
    { "xs": { "x": 206, "y": 225 }, "ys": { "label": "G" } },
    { "xs": { "x": 200, "y": 222 }, "ys": { "label": "G" } },
    { "xs": { "x": 178, "y": 212 }, "ys": { "label": "G" } },
    { "xs": { "x": 173, "y": 212 }, "ys": { "label": "G" } },
    { "xs": { "x": 164, "y": 221 }, "ys": { "label": "G" } },
    { "xs": { "x": 163, "y": 244 }, "ys": { "label": "G" } },
    { "xs": { "x": 179, "y": 250 }, "ys": { "label": "G" } },
    { "xs": { "x": 228, "y": 197 }, "ys": { "label": "G" } },
    { "xs": { "x": 200, "y": 203 }, "ys": { "label": "G" } },
    { "xs": { "x": 200, "y": 211 }, "ys": { "label": "G" } },
    { "xs": { "x": 204, "y": 232 }, "ys": { "label": "G" } },
    { "xs": { "x": 203, "y": 246 }, "ys": { "label": "G" } },
    { "xs": { "x": 198, "y": 259 }, "ys": { "label": "G" } },
    { "xs": { "x": 63, "y": 211 }, "ys": { "label": "A" } },
    { "xs": { "x": 68, "y": 211 }, "ys": { "label": "A" } },
    { "xs": { "x": 76, "y": 220 }, "ys": { "label": "A" } },
    { "xs": { "x": 77, "y": 239 }, "ys": { "label": "A" } },
    { "xs": { "x": 30, "y": 243 }, "ys": { "label": "A" } },
    { "xs": { "x": 34, "y": 243 }, "ys": { "label": "A" } },
    { "xs": { "x": 52, "y": 256 }, "ys": { "label": "A" } },
    { "xs": { "x": 63, "y": 259 }, "ys": { "label": "A" } },
    { "xs": { "x": 72, "y": 263 }, "ys": { "label": "A" } },
    { "xs": { "x": 82, "y": 263 }, "ys": { "label": "A" } },
    { "xs": { "x": 87, "y": 271 }, "ys": { "label": "A" } },
    { "xs": { "x": 87, "y": 271 }, "ys": { "label": "A" } },
    { "xs": { "x": 87, "y": 271 }, "ys": { "label": "A" } },
    { "xs": { "x": 87, "y": 271 }, "ys": { "label": "A" } },
    { "xs": { "x": 78, "y": 265 }, "ys": { "label": "A" } },
    { "xs": { "x": 58, "y": 256 }, "ys": { "label": "A" } },
    { "xs": { "x": 56, "y": 251 }, "ys": { "label": "A" } },
    { "xs": { "x": 56, "y": 251 }, "ys": { "label": "A" } },
    { "xs": { "x": 55, "y": 241 }, "ys": { "label": "A" } },
    { "xs": { "x": 55, "y": 240 }, "ys": { "label": "A" } },
    { "xs": { "x": 100, "y": 247 }, "ys": { "label": "A" } },
    { "xs": { "x": 102, "y": 248 }, "ys": { "label": "A" } },
    { "xs": { "x": 103, "y": 278 }, "ys": { "label": "A" } },
    { "xs": { "x": 103, "y": 279 }, "ys": { "label": "A" } },
    { "xs": { "x": 85, "y": 286 }, "ys": { "label": "A" } },
    { "xs": { "x": 76, "y": 286 }, "ys": { "label": "A" } },
    { "xs": { "x": 63, "y": 285 }, "ys": { "label": "A" } },
    { "xs": { "x": 61, "y": 284 }, "ys": { "label": "A" } },
    { "xs": { "x": 51, "y": 282 }, "ys": { "label": "A" } },
    { "xs": { "x": 45, "y": 278 }, "ys": { "label": "A" } },
    { "xs": { "x": 64, "y": 247 }, "ys": { "label": "A" } },
    { "xs": { "x": 75, "y": 233 }, "ys": { "label": "A" } },
    { "xs": { "x": 80, "y": 231 }, "ys": { "label": "A" } },
    { "xs": { "x": 61, "y": 221 }, "ys": { "label": "A" } },
    { "xs": { "x": 48, "y": 221 }, "ys": { "label": "A" } },
    { "xs": { "x": 65, "y": 221 }, "ys": { "label": "A" } },
    { "xs": { "x": 91, "y": 221 }, "ys": { "label": "A" } },
    { "xs": { "x": 99, "y": 224 }, "ys": { "label": "A" } },
    { "xs": { "x": 100, "y": 240 }, "ys": { "label": "A" } },
    { "xs": { "x": 100, "y": 249 }, "ys": { "label": "A" } },
    { "xs": { "x": 100, "y": 278 }, "ys": { "label": "A" } },
    { "xs": { "x": 76, "y": 300 }, "ys": { "label": "A" } },
    { "xs": { "x": 75, "y": 300 }, "ys": { "label": "A" } },
    { "xs": { "x": 52, "y": 299 }, "ys": { "label": "A" } },
    { "xs": { "x": 67, "y": 291 }, "ys": { "label": "A" } },
    { "xs": { "x": 97, "y": 290 }, "ys": { "label": "A" } },
    { "xs": { "x": 102, "y": 298 }, "ys": { "label": "A" } },
    { "xs": { "x": 100, "y": 300 }, "ys": { "label": "A" } },
    { "xs": { "x": 96, "y": 300 }, "ys": { "label": "A" } },
    { "xs": { "x": 94, "y": 300 }, "ys": { "label": "A" } },
    { "xs": { "x": 80, "y": 293 }, "ys": { "label": "A" } },
    { "xs": { "x": 74, "y": 289 }, "ys": { "label": "A" } },
    { "xs": { "x": 102, "y": 281 }, "ys": { "label": "A" } },
    { "xs": { "x": 103, "y": 281 }, "ys": { "label": "A" } },
    { "xs": { "x": 92, "y": 269 }, "ys": { "label": "A" } },
    { "xs": { "x": 62, "y": 262 }, "ys": { "label": "A" } },
    { "xs": { "x": 151, "y": 346 }, "ys": { "label": "B" } },
    { "xs": { "x": 155, "y": 346 }, "ys": { "label": "B" } },
    { "xs": { "x": 165, "y": 346 }, "ys": { "label": "B" } },
    { "xs": { "x": 179, "y": 347 }, "ys": { "label": "B" } },
    { "xs": { "x": 190, "y": 347 }, "ys": { "label": "B" } },
    { "xs": { "x": 207, "y": 348 }, "ys": { "label": "B" } },
    { "xs": { "x": 210, "y": 348 }, "ys": { "label": "B" } },
    { "xs": { "x": 200, "y": 369 }, "ys": { "label": "B" } },
    { "xs": { "x": 198, "y": 371 }, "ys": { "label": "B" } },
    { "xs": { "x": 158, "y": 372 }, "ys": { "label": "B" } },
    { "xs": { "x": 157, "y": 372 }, "ys": { "label": "B" } },
    { "xs": { "x": 177, "y": 372 }, "ys": { "label": "B" } },
    { "xs": { "x": 179, "y": 372 }, "ys": { "label": "B" } },
    { "xs": { "x": 163, "y": 332 }, "ys": { "label": "B" } },
    { "xs": { "x": 183, "y": 329 }, "ys": { "label": "B" } },
    { "xs": { "x": 211, "y": 326 }, "ys": { "label": "B" } },
    { "xs": { "x": 233, "y": 339 }, "ys": { "label": "B" } },
    { "xs": { "x": 234, "y": 351 }, "ys": { "label": "B" } },
    { "xs": { "x": 230, "y": 368 }, "ys": { "label": "B" } },
    { "xs": { "x": 221, "y": 374 }, "ys": { "label": "B" } },
    { "xs": { "x": 208, "y": 374 }, "ys": { "label": "B" } },
    { "xs": { "x": 216, "y": 357 }, "ys": { "label": "B" } },
    { "xs": { "x": 245, "y": 362 }, "ys": { "label": "B" } },
    { "xs": { "x": 251, "y": 367 }, "ys": { "label": "B" } },
    { "xs": { "x": 254, "y": 355 }, "ys": { "label": "B" } },
    { "xs": { "x": 254, "y": 347 }, "ys": { "label": "B" } },
    { "xs": { "x": 207, "y": 344 }, "ys": { "label": "B" } },
    { "xs": { "x": 150, "y": 359 }, "ys": { "label": "B" } },
    { "xs": { "x": 126, "y": 369 }, "ys": { "label": "B" } },
    { "xs": { "x": 124, "y": 357 }, "ys": { "label": "B" } },
    { "xs": { "x": 132, "y": 344 }, "ys": { "label": "B" } },
    { "xs": { "x": 133, "y": 334 }, "ys": { "label": "B" } },
    { "xs": { "x": 189, "y": 345 }, "ys": { "label": "B" } },
    { "xs": { "x": 214, "y": 362 }, "ys": { "label": "B" } },
    { "xs": { "x": 182, "y": 362 }, "ys": { "label": "B" } },
    { "xs": { "x": 182, "y": 362 }, "ys": { "label": "B" } },
    { "xs": { "x": 242, "y": 379 }, "ys": { "label": "B" } },
    { "xs": { "x": 242, "y": 379 }, "ys": { "label": "B" } },
    { "xs": { "x": 283, "y": 379 }, "ys": { "label": "B" } },
    { "xs": { "x": 268, "y": 359 }, "ys": { "label": "B" } },
    { "xs": { "x": 262, "y": 372 }, "ys": { "label": "B" } },
    { "xs": { "x": 289, "y": 366 }, "ys": { "label": "B" } },
    { "xs": { "x": 276, "y": 343 }, "ys": { "label": "B" } },
    { "xs": { "x": 287, "y": 189 }, "ys": { "label": "F" } },
    { "xs": { "x": 305, "y": 187 }, "ys": { "label": "F" } },
    { "xs": { "x": 357, "y": 191 }, "ys": { "label": "F" } },
    { "xs": { "x": 372, "y": 225 }, "ys": { "label": "F" } },
    { "xs": { "x": 373, "y": 261 }, "ys": { "label": "F" } },
    { "xs": { "x": 372, "y": 295 }, "ys": { "label": "F" } },
    { "xs": { "x": 253, "y": 221 }, "ys": { "label": "G" } },
    { "xs": { "x": 255, "y": 249 }, "ys": { "label": "G" } },
    { "xs": { "x": 149, "y": 209 }, "ys": { "label": "G" } },
    { "xs": { "x": 158, "y": 263 }, "ys": { "label": "G" } },
    { "xs": { "x": 173, "y": 281 }, "ys": { "label": "G" } },
    { "xs": { "x": 29, "y": 202 }, "ys": { "label": "A" } },
    { "xs": { "x": 20, "y": 217 }, "ys": { "label": "A" } },
    { "xs": { "x": 21, "y": 274 }, "ys": { "label": "A" } },
    { "xs": { "x": 25, "y": 299 }, "ys": { "label": "A" } },
    { "xs": { "x": 47, "y": 312 }, "ys": { "label": "A" } },
    { "xs": { "x": 73, "y": 316 }, "ys": { "label": "A" } },
    { "xs": { "x": 164, "y": 110 }, "ys": { "label": "D" } },
    { "xs": { "x": 161, "y": 129 }, "ys": { "label": "D" } },
    { "xs": { "x": 154, "y": 63 }, "ys": { "label": "D" } },
    { "xs": { "x": 230, "y": 45 }, "ys": { "label": "D" } },
    { "xs": { "x": 234, "y": 66 }, "ys": { "label": "D" } },
    { "xs": { "x": 248, "y": 64 }, "ys": { "label": "D" } },
    { "xs": { "x": 240, "y": 104 }, "ys": { "label": "D" } },
    { "xs": { "x": 291, "y": 56 }, "ys": { "label": "E" } },
    { "xs": { "x": 288, "y": 89 }, "ys": { "label": "E" } },
    { "xs": { "x": 285, "y": 114 }, "ys": { "label": "E" } },
    { "xs": { "x": 290, "y": 131 }, "ys": { "label": "E" } },
    { "xs": { "x": 298, "y": 141 }, "ys": { "label": "E" } },
    { "xs": { "x": 310, "y": 147 }, "ys": { "label": "E" } },
    { "xs": { "x": 357, "y": 153 }, "ys": { "label": "E" } },
    { "xs": { "x": 361, "y": 129 }, "ys": { "label": "E" } },
    { "xs": { "x": 364, "y": 106 }, "ys": { "label": "E" } },
    { "xs": { "x": 37, "y": 38 }, "ys": { "label": "C" } },
    { "xs": { "x": 92, "y": 30 }, "ys": { "label": "C" } },
    { "xs": { "x": 122, "y": 39 }, "ys": { "label": "C" } },
    { "xs": { "x": 117, "y": 88 }, "ys": { "label": "C" } },
    { "xs": { "x": 120, "y": 120 }, "ys": { "label": "C" } },
    { "xs": { "x": 120, "y": 148 }, "ys": { "label": "C" } },
    { "xs": { "x": 98, "y": 168 }, "ys": { "label": "C" } },
    { "xs": { "x": 44, "y": 147 }, "ys": { "label": "C" } },
    { "xs": { "x": 298, "y": 341 }, "ys": { "label": "B" } },
    { "xs": { "x": 310, "y": 358 }, "ys": { "label": "B" } },
    { "xs": { "x": 311, "y": 376 }, "ys": { "label": "B" } },
    { "xs": { "x": 201, "y": 389 }, "ys": { "label": "B" } },
    { "xs": { "x": 176, "y": 389 }, "ys": { "label": "B" } },
    { "xs": { "x": 146, "y": 388 }, "ys": { "label": "B" } },
    { "xs": { "x": 120, "y": 388 }, "ys": { "label": "B" } },
    { "xs": { "x": 246, "y": 394 }, "ys": { "label": "B" } },
    { "xs": { "x": 271, "y": 393 }, "ys": { "label": "B" } },
    { "xs": { "x": 303, "y": 391 }, "ys": { "label": "B" } },
    { "xs": { "x": 259, "y": 322 }, "ys": { "label": "B" } },
    { "xs": { "x": 284, "y": 321 }, "ys": { "label": "B" } },
    { "xs": { "x": 235, "y": 319 }, "ys": { "label": "B" } },
    { "xs": { "x": 154, "y": 194 }, "ys": { "label": "G" } },
    { "xs": { "x": 137, "y": 242 }, "ys": { "label": "G" } },
    { "xs": { "x": 135, "y": 226 }, "ys": { "label": "G" } },
    { "xs": { "x": 362, "y": 281 }, "ys": { "label": "F" } },
    { "xs": { "x": 364, "y": 233 }, "ys": { "label": "F" } },
    { "xs": { "x": 12, "y": 232 }, "ys": { "label": "A" } },
    { "xs": { "x": 20, "y": 259 }, "ys": { "label": "A" } },
    { "xs": { "x": 36, "y": 268 }, "ys": { "label": "A" } },
    { "xs": { "x": 91, "y": 204 }, "ys": { "label": "A" } },
    { "xs": { "x": 43, "y": 200 }, "ys": { "label": "A" } },
    { "xs": { "x": 56, "y": 192 }, "ys": { "label": "A" } }
  ]
}
